{ "height":10,
 "layers":[
        {
         "data":[0, 0, 0, 0, 0, 0, 0, 0, 0, 0, 0, 0, 0, 0, 0, 0, 0, 0, 0, 0, 0, 0, 0, 0, 0, 0, 0, 0, 0, 0, 0, 0, 0, 0, 0, 0, 0, 0, 0, 0, 0, 0, 0, 0, 0, 0, 0, 0, 0, 0, 0, 0, 0, 0, 0, 0, 0, 0, 0, 0, 0, 0, 0, 0, 0, 0, 0, 0, 0, 0, 0, 0, 0, 0, 0, 0, 0, 0, 0, 0, 0, 0, 0, 0, 0, 0, 0, 0, 0, 0, 0, 0, 0, 0, 0, 0, 0, 0, 0, 0],
         "height":10,
         "name":"SpriteLayer",
         "opacity":1,
         "type":"tilelayer",
         "visible":true,
         "width":10,
         "x":0,
         "y":0
        }, 
        {
         "data":[0, 0, 0, 0, 0, 0, 0, 0, 0, 0, 0, 0, 0, 0, 0, 0, 0, 0, 0, 0, 0, 0, 0, 0, 0, 0, 0, 0, 0, 0, 0, 0, 0, 0, 0, 0, 0, 0, 0, 0, 0, 0, 0, 0, 0, 0, 0, 0, 0, 0, 0, 0, 0, 0, 0, 0, 0, 0, 0, 0, 0, 0, 0, 0, 0, 0, 0, 0, 0, 0, 0, 0, 0, 0, 0, 0, 0, 0, 0, 0, 0, 0, 0, 0, 0, 0, 0, 0, 0, 0, 0, 0, 0, 0, 0, 0, 0, 0, 0, 0],
         "height":10,
         "name":"GroundLayer",
         "opacity":1,
         "type":"tilelayer",
         "visible":true,
         "width":10,
         "x":0,
         "y":0
        }, 
        {
         "data":[0, 0, 0, 0, 0, 0, 0, 0, 0, 0, 0, 0, 0, 0, 0, 0, 0, 0, 0, 0, 0, 0, 0, 0, 0, 0, 0, 0, 0, 0, 0, 0, 0, 0, 0, 0, 0, 0, 0, 0, 0, 0, 0, 0, 0, 0, 0, 0, 0, 0, 0, 0, 0, 0, 0, 0, 0, 0, 0, 0, 0, 0, 0, 0, 0, 0, 0, 0, 0, 0, 0, 0, 0, 0, 0, 0, 0, 0, 0, 0, 0, 0, 0, 0, 0, 0, 0, 0, 0, 0, 0, 0, 0, 0, 0, 0, 0, 0, 0, 0],
         "height":10,
         "name":"TargetLayer",
         "opacity":1,
         "type":"tilelayer",
         "visible":true,
         "width":10,
         "x":0,
         "y":0
        }, 
        {
         "draworder":"topdown",
         "height":0,
         "name":"Objects",
         "objects":[
                {
                 "gid":1,
                 "height":0,
                 "name":"Background",
                 "properties":
                    {
                     "MainMenuBackground":"1"
                    },
                 "rotation":0,
                 "type":"",
                 "visible":true,
                 "width":0,
                 "x":369,
                 "y":5131
                }, 
                {
                 "gid":9,
                 "height":0,
                 "name":"Menu Controller",
                 "properties":
                    {
                     "MenuController":"true"
                    },
                 "rotation":0,
                 "type":"",
                 "visible":true,
                 "width":0,
                 "x":37.3744467150853,
                 "y":3140.02608583255
                }, 
                {
                 "gid":13,
                 "height":0,
                 "name":"Quit",
                 "properties":
                    {
                     "MenuButton":"QUIT"
                    },
                 "rotation":0,
                 "type":"",
                 "visible":true,
                 "width":0,
                 "x":-2000,
                 "y":5664.33333333333
                }, 
                {
                 "gid":12,
                 "height":0,
                 "name":"Play Level 1",
                 "properties":
                    {
                     "MenuButton":"Level_1"
                    },
                 "rotation":0,
                 "type":"",
                 "visible":true,
                 "width":0,
                 "x":-2000,
                 "y":4139.33333333333
                }, 
                {
                 "gid":15,
                 "height":0,
                 "name":"Credits",
                 "properties":
                    {
                     "MenuButton":"Credits"
                    },
                 "rotation":0,
                 "type":"",
                 "visible":true,
                 "width":0,
                 "x":-2000,
                 "y":5106
                }, 
                {
                 "gid":19,
                 "height":0,
                 "name":"How to play",
                 "properties":
                    {
                     "MenuButton":"HOWTOPLAY"
                    },
                 "rotation":0,
                 "type":"",
                 "visible":true,
                 "width":0,
                 "x":-2000,
                 "y":4647.66666666667
                }, 
                {
                 "gid":1,
                 "height":0,
                 "name":"Menu Music",
                 "properties":
                    {
                     "SoundEmitter":"sfds",
                     "StartingMusic":"environment_ambience_01"
                    },
                 "rotation":0,
                 "type":"",
                 "visible":false,
                 "width":0,
                 "x":3810.66666666667,
                 "y":539.333333333333
                }],
         "opacity":1,
         "type":"objectgroup",
         "visible":true,
         "width":0,
         "x":0,
         "y":0
        }, 
        {
         "draworder":"topdown",
         "height":70,
         "name":"Scenery",
         "objects":[],
         "opacity":1,
         "type":"objectgroup",
         "visible":true,
         "width":177,
         "x":0,
         "y":0
        }],
 "orientation":"orthogonal",
 "properties":
    {

    },
 "renderorder":"left-up",
 "tileheight":512,
 "tilesets":[
        {
         "firstgid":1,
         "image":"..\/Textures\/Tiled_Spritesheet.png",
         "imageheight":2048,
         "imagewidth":4608,
         "margin":0,
         "name":"Tileset",
         "properties":
            {

            },
         "spacing":0,
         "tileheight":512,
         "tilewidth":512
        }, 
        {
         "firstgid":37,
         "image":"..\/Textures\/MenuSpritesheet.png",
         "imageheight":1536,
         "imagewidth":2561,
         "margin":0,
         "name":"MenuTileAssets",
         "properties":
            {

            },
         "spacing":0,
         "tileheight":512,
         "tilewidth":512
        }],
 "tilewidth":512,
 "version":1,
 "width":10
}